City_ID,City,Lat,Lng,Max Temp,Humidity,Cloudiness,Wind Speed,Country,Date
0,Saldanha,-33.0117,17.9442,57.2,62,100,1.14,ZA,2021-03-08 22:09:04
1,Torbay,47.6666,-52.7314,28.0,63,75,6.91,CA,2021-03-08 22:09:05
2,Ancud,-41.8697,-73.8203,64.0,58,0,6.91,CL,2021-03-08 22:09:05
3,Bluff,-46.6,168.3333,62.01,71,83,4.0,NZ,2021-03-08 22:09:06
4,Tuatapere,-46.1333,167.6833,62.01,71,77,4.0,NZ,2021-03-08 22:09:06
5,Ushuaia,-54.8,-68.3,60.8,48,40,16.11,AR,2021-03-08 22:09:06
6,Port-Cartier,50.0334,-66.8654,27.0,68,20,9.22,CA,2021-03-08 22:09:07
7,Georgetown,5.4112,100.3354,79.0,83,20,2.3,MY,2021-03-08 22:06:17
8,Bosaso,11.2842,49.1816,76.21,78,4,3.09,SO,2021-03-08 22:09:07
9,Kabanjahe,3.1001,98.4908,75.2,100,20,3.44,ID,2021-03-08 22:09:08
10,Rikitea,-23.1203,-134.9692,80.92,81,33,12.12,PF,2021-03-08 22:09:08
11,Tigzirt,36.8886,4.1198,54.48,85,73,11.88,DZ,2021-03-08 22:09:08
12,Punta Arenas,-53.15,-70.9167,60.8,55,40,23.02,CL,2021-03-08 22:09:09
13,Amapa,1.0,-52.0,74.46,98,100,1.9,BR,2021-03-08 22:09:10
14,Souillac,-20.5167,57.5167,77.0,94,20,3.44,MU,2021-03-08 22:09:10
15,San Lorenzo,-25.3333,-57.5333,86.0,48,0,8.05,PY,2021-03-08 22:09:11
16,Olafsvik,64.8945,-23.7142,35.96,85,76,2.84,IS,2021-03-08 22:09:11
17,Dunedin,-45.8742,170.5036,57.99,72,89,13.0,NZ,2021-03-08 22:09:13
18,Cape Town,-33.9258,18.4232,62.01,67,0,2.3,ZA,2021-03-08 22:08:06
19,Lincoln,40.8,-96.667,73.4,27,1,18.41,US,2021-03-08 22:09:14
20,Provideniya,64.3833,-173.3,17.6,79,75,4.47,RU,2021-03-08 22:09:14
21,Kitimat,54.0524,-128.6534,46.99,63,16,3.44,CA,2021-03-08 22:09:15
22,Dhidhdhoo,6.8833,73.1,82.72,69,1,5.32,MV,2021-03-08 22:09:16
23,Lebu,-37.6167,-73.65,61.5,67,47,13.53,CL,2021-03-08 22:09:17
24,Raudeberg,61.9875,5.1352,39.99,75,100,22.39,NO,2021-03-08 22:09:17
25,Jamestown,42.097,-79.2353,46.99,42,90,12.17,US,2021-03-08 22:09:17
26,Ostrovnoy,68.0531,39.5131,-4.65,92,99,9.1,RU,2021-03-08 22:09:18
27,Gouyave,12.1646,-61.7296,82.4,74,20,21.85,GD,2021-03-08 22:09:18
28,Couvin,50.0528,4.495,35.6,75,90,2.3,BE,2021-03-08 22:09:18
29,Nuuk,64.1835,-51.7216,23.0,93,90,2.3,GL,2021-03-08 22:09:19
30,Harper,4.375,-7.7169,79.29,87,95,8.97,LR,2021-03-08 22:09:19
31,Busselton,-33.65,115.3333,64.0,87,4,5.01,AU,2021-03-08 22:09:19
32,Yellowknife,62.456,-114.3525,0.0,50,1,11.5,CA,2021-03-08 22:09:20
33,Mataura,-46.1927,168.8643,62.01,71,66,4.0,NZ,2021-03-08 22:09:20
34,Hobart,-42.8794,147.3294,60.01,51,20,17.27,AU,2021-03-08 22:06:02
35,Tasiilaq,65.6145,-37.6368,21.2,79,90,18.41,GL,2021-03-08 22:09:21
36,Lazurne,46.084,32.5295,37.26,79,71,10.78,UA,2021-03-08 22:09:21
37,Salalah,17.0151,54.0924,75.2,38,0,3.44,OM,2021-03-08 22:09:21
38,Westerly,41.3776,-71.8273,39.0,48,1,10.36,US,2021-03-08 22:09:22
39,Kapaa,22.0752,-159.319,73.99,78,90,25.32,US,2021-03-08 22:09:22
40,Hay River,60.8156,-115.7999,6.8,56,92,2.3,CA,2021-03-08 22:09:22
41,Kyra,49.5776,111.9753,14.18,92,1,1.68,RU,2021-03-08 22:09:23
42,Castro,-24.7911,-50.0119,66.13,88,37,2.19,BR,2021-03-08 22:09:23
43,Deputatskiy,69.3,139.9,-22.04,87,83,6.58,RU,2021-03-08 22:09:23
44,Coihaique,-45.5752,-72.0662,60.8,44,75,9.22,CL,2021-03-08 22:09:23
45,Itanagar,27.1,93.6167,65.03,52,61,4.05,IN,2021-03-08 22:09:24
46,Ust-Kuyga,70.0167,135.6,-17.64,86,100,3.47,RU,2021-03-08 22:09:24
47,Bethel,41.3712,-73.414,37.99,36,31,4.0,US,2021-03-08 22:09:24
48,Namibe,-15.1961,12.1522,76.8,71,46,1.5,AO,2021-03-08 22:09:24
49,Podporozhye,60.9112,34.1706,-11.76,89,67,4.81,RU,2021-03-08 22:09:25
50,Barrow,71.2906,-156.7887,10.4,72,90,24.16,US,2021-03-08 22:09:13
51,Henderson,36.0397,-114.9819,77.0,10,1,18.41,US,2021-03-08 22:05:05
52,Korla,41.7597,86.1469,41.97,62,0,3.24,CN,2021-03-08 22:09:27
53,Vaini,-21.2,-175.2,78.8,65,75,13.8,TO,2021-03-08 22:09:27
54,Dikson,73.5069,80.5464,-21.93,89,99,1.59,RU,2021-03-08 22:09:28
55,Koungou,-12.7336,45.2042,78.8,83,40,3.44,YT,2021-03-08 22:09:28
56,Atuona,-9.8,-139.0333,79.5,70,70,13.31,PF,2021-03-08 22:09:28
57,High Level,58.5169,-117.136,19.4,63,75,11.5,CA,2021-03-08 22:09:28
58,Tura,25.5198,90.2201,67.41,41,0,3.29,IN,2021-03-08 22:09:29
59,Santa Maria,-29.6842,-53.8069,73.62,60,0,5.01,BR,2021-03-08 22:09:29
60,Chokurdakh,70.6333,147.9167,-16.67,88,98,12.15,RU,2021-03-08 22:09:29
61,Ayan,56.45,138.1667,9.32,88,100,2.55,RU,2021-03-08 22:09:30
62,Lagoa,39.05,-27.9833,58.91,93,50,3.06,PT,2021-03-08 22:09:30
63,Jieshi,22.8134,115.8257,64.0,81,8,13.47,CN,2021-03-08 22:09:30
64,Pisco,-13.7,-76.2167,77.0,65,0,12.66,PE,2021-03-08 22:09:31
65,Broome,42.2506,-75.833,36.0,32,1,3.44,US,2021-03-08 22:09:31
66,Eresos,39.1667,25.9333,48.2,76,20,5.75,GR,2021-03-08 22:09:32
67,Bredasdorp,-34.5322,20.0403,51.8,87,77,5.75,ZA,2021-03-08 22:09:32
68,Upernavik,72.7868,-56.1549,-2.9,83,94,10.18,GL,2021-03-08 22:09:32
69,Svetlyy,54.675,20.1347,30.2,64,75,8.95,RU,2021-03-08 22:09:33
70,Richards Bay,-28.783,32.0377,77.74,86,64,10.76,ZA,2021-03-08 22:09:33
71,Carnarvon,-24.8667,113.6333,77.0,100,18,8.05,AU,2021-03-08 22:09:33
72,Seymchan,62.8833,152.4333,-25.8,78,0,2.59,RU,2021-03-08 22:09:33
73,Hithadhoo,-0.6,73.0833,83.64,65,54,5.53,MV,2021-03-08 22:09:34
74,Bambous Virieux,-20.3428,57.7575,77.0,94,20,3.44,MU,2021-03-08 22:09:34
75,Mandalgovi,45.7625,106.2708,27.77,76,99,7.61,MN,2021-03-08 22:09:34
76,Goderich,43.7501,-81.7165,50.0,50,100,14.97,CA,2021-03-08 22:09:34
77,Qandala,11.472,49.8728,78.8,50,0,7.76,SO,2021-03-08 22:09:35
78,Hambantota,6.1241,81.1185,78.24,83,93,14.23,LK,2021-03-08 22:09:35
79,Ust-Karsk,52.7011,118.8077,2.97,86,18,3.4,RU,2021-03-08 22:09:36
80,Mahebourg,-20.4081,57.7,77.0,94,20,3.44,MU,2021-03-08 22:09:36
81,Klaksvik,62.2266,-6.589,41.0,100,90,12.66,FO,2021-03-08 22:09:36
82,Nueva Loja,0.0847,-76.8828,77.0,88,75,5.75,EC,2021-03-08 22:04:53
83,Rognan,67.0953,15.3878,24.01,91,87,2.17,NO,2021-03-08 22:09:37
84,Leshukonskoye,64.8989,45.7622,-28.41,85,35,4.68,RU,2021-03-08 22:09:37
85,Vestmannaeyjar,63.4427,-20.2734,41.32,68,79,11.03,IS,2021-03-08 22:09:38
86,Avera,33.194,-82.5271,66.2,19,1,4.61,US,2021-03-08 22:09:38
87,Alta Floresta,-9.8756,-56.0861,71.58,99,100,4.92,BR,2021-03-08 22:09:38
88,Avarua,-21.2078,-159.775,80.6,83,75,10.36,CK,2021-03-08 22:09:38
89,Puerto Ayora,-0.7393,-90.3518,84.2,70,20,8.05,EC,2021-03-08 22:09:38
90,Esperance,-33.8667,121.9,60.8,94,75,9.22,AU,2021-03-08 22:09:39
91,Arraial Do Cabo,-22.9661,-42.0278,77.0,88,75,4.61,BR,2021-03-08 22:09:39
92,Faanui,-16.4833,-151.75,82.8,73,100,22.41,PF,2021-03-08 22:09:39
93,Severo-Kurilsk,50.6789,156.125,19.96,90,94,20.92,RU,2021-03-08 22:09:40
94,Port Alfred,-33.5906,26.891,66.0,78,100,1.01,ZA,2021-03-08 22:09:40
95,Tuktoyaktuk,69.4541,-133.0374,-22.0,76,1,5.75,CA,2021-03-08 22:09:41
96,Aksu,41.1231,80.2644,41.49,60,48,3.42,CN,2021-03-08 22:09:41
97,Krasnoyarskiy,51.965,59.8967,16.86,93,93,20.69,RU,2021-03-08 22:09:41
98,Lorengau,-2.0226,147.2712,80.56,79,100,7.38,PG,2021-03-08 22:09:42
99,Grand Gaube,-20.0064,57.6608,77.0,81,0,3.0,MU,2021-03-08 22:09:42
100,Zhigansk,66.7697,123.3711,-9.08,90,100,7.65,RU,2021-03-08 22:09:42
101,Clyde River,70.4692,-68.5914,-2.2,84,90,2.3,CA,2021-03-08 22:09:44
102,Jobabo,20.9692,-76.2994,75.2,57,75,19.57,CU,2021-03-08 22:09:44
103,Hermanus,-34.4187,19.2345,61.2,62,79,6.38,ZA,2021-03-08 22:09:44
104,Cheney,47.4874,-117.5758,46.99,39,75,14.97,US,2021-03-08 22:09:44
105,Abu Dhabi,24.4667,54.3667,69.8,83,0,2.3,AE,2021-03-08 22:07:37
106,Chapais,49.7834,-74.8492,24.8,50,90,12.66,CA,2021-03-08 22:09:45
107,Dwarka,22.2394,68.9678,74.23,86,0,6.76,IN,2021-03-08 22:09:45
108,Neuquen,-38.9516,-68.0591,82.4,23,0,6.91,AR,2021-03-08 22:09:45
109,Port Blair,11.6667,92.75,79.27,77,0,6.76,IN,2021-03-08 22:09:46
110,Waipawa,-41.4122,175.5153,64.99,63,6,6.91,NZ,2021-03-08 22:09:46
111,Nyrob,60.733,56.7202,1.26,93,99,5.39,RU,2021-03-08 22:09:46
112,Doba,8.65,16.85,80.76,18,0,2.66,TD,2021-03-08 22:09:47
113,Albany,42.6001,-73.9662,37.0,29,60,2.71,US,2021-03-08 22:06:56
114,Guerrero Negro,27.9769,-114.0611,63.91,58,100,17.56,MX,2021-03-08 22:09:47
115,Makakilo City,21.3469,-158.0858,78.8,61,1,12.66,US,2021-03-08 22:09:48
116,Kodiak,57.79,-152.4072,39.2,65,1,5.75,US,2021-03-08 22:09:48
117,Lavrentiya,65.5833,-171.0,13.24,87,98,5.79,RU,2021-03-08 22:09:48
118,Beidao,34.5686,105.8933,41.85,77,53,2.84,CN,2021-03-08 22:09:49
119,East London,-33.0153,27.9116,68.27,67,100,11.12,ZA,2021-03-08 22:09:49
120,Tiksi,71.6872,128.8694,-22.9,85,100,11.77,RU,2021-03-08 22:09:50
121,Prince Rupert,54.3161,-130.3201,46.4,66,1,5.75,CA,2021-03-08 22:08:15
122,Sabang,5.8933,95.3214,81.86,77,5,13.76,ID,2021-03-08 22:09:50
123,Hamilton,39.1834,-84.5333,64.4,27,1,16.11,US,2021-03-08 22:09:11
124,Anadyr,64.75,177.4833,-18.0,76,20,4.47,RU,2021-03-08 22:09:51
125,Buta,2.7858,24.73,70.92,92,71,2.15,CD,2021-03-08 22:09:51
126,Arlit,18.7369,7.3853,82.27,15,97,3.76,NE,2021-03-08 22:09:51
127,Iquitos,-3.7481,-73.2472,86.0,70,40,6.91,PE,2021-03-08 22:09:52
128,Njombe,-9.3333,34.7667,55.36,91,100,3.89,TZ,2021-03-08 22:09:52
129,Karratha,-20.7377,116.8463,78.93,81,6,8.63,AU,2021-03-08 22:09:53
130,Saint George,37.1041,-113.5841,75.99,13,1,10.36,US,2021-03-08 22:06:32
131,Oriximina,-1.7656,-55.8661,80.91,74,100,2.04,BR,2021-03-08 22:07:40
132,Butaritari,3.0707,172.7902,79.97,82,100,10.85,KI,2021-03-08 22:09:54
133,Port Lincoln,-34.7333,135.8667,61.52,80,6,14.0,AU,2021-03-08 22:09:55
134,Guymon,36.6828,-101.4816,73.4,25,1,27.63,US,2021-03-08 22:09:55
135,Chuy,-33.6971,-53.4616,69.42,83,100,7.67,UY,2021-03-08 22:09:55
136,Chicama,-7.8447,-79.1469,75.2,83,90,5.75,PE,2021-03-08 22:09:55
137,Adrar,20.5022,-10.0711,65.19,30,0,9.17,MR,2021-03-08 22:09:56
138,Surt,31.2089,16.5887,65.32,63,0,5.14,LY,2021-03-08 22:09:57
139,Nava,28.4167,-100.7667,75.2,43,40,11.5,MX,2021-03-08 22:09:57
140,Umm Kaddadah,13.6017,26.6876,70.88,17,5,13.02,SD,2021-03-08 22:09:57
141,Inuvik,68.3499,-133.7218,1.4,60,0,4.61,CA,2021-03-08 22:09:58
142,Kaitangata,-46.2817,169.8464,62.01,63,75,5.01,NZ,2021-03-08 22:09:58
143,Nikolskoye,59.7035,30.7861,12.99,72,75,4.47,RU,2021-03-08 22:09:58
144,Sri Aman,1.2376,111.4621,73.4,100,98,0.83,MY,2021-03-08 22:09:59
145,Svetlogorsk,52.6333,29.7333,20.53,96,98,6.51,BY,2021-03-08 22:10:00
146,Kruisfontein,-34.0033,24.7314,60.01,84,100,2.53,ZA,2021-03-08 22:10:01
147,Mount Isa,-20.7333,139.5,78.8,69,27,5.75,AU,2021-03-08 22:10:02
148,New Norfolk,-42.7826,147.0587,60.01,63,38,3.0,AU,2021-03-08 22:10:02
149,Ribeira Grande,38.5167,-28.7,59.0,94,75,5.75,PT,2021-03-08 22:10:03
150,Vetlanda,57.4289,15.0776,17.6,86,98,3.31,SE,2021-03-08 22:10:03
151,Port Keats,-14.25,129.55,77.4,90,98,4.81,AU,2021-03-08 22:10:03
152,Thoen,17.6129,99.2161,71.01,36,0,0.98,TH,2021-03-08 22:10:04
153,Thyboron,56.6985,8.2124,30.99,63,1,4.74,DK,2021-03-08 22:10:04
154,San Cristobal,7.7669,-72.225,84.2,61,40,5.75,VE,2021-03-08 22:07:10
155,Kavieng,-2.5744,150.7967,82.58,78,100,11.97,PG,2021-03-08 22:10:05
156,Cherskiy,68.75,161.3,-18.85,87,100,8.32,RU,2021-03-08 22:10:05
157,Bengkulu,-3.8004,102.2655,75.47,71,100,3.44,ID,2021-03-08 22:10:05
158,Changtu,42.7788,124.0955,31.69,91,0,13.62,CN,2021-03-08 22:10:05
159,Hofn,64.2539,-15.2082,41.76,79,100,5.93,IS,2021-03-08 22:10:06
160,Nisia Floresta,-6.0911,-35.2086,82.4,78,20,6.91,BR,2021-03-08 22:10:06
161,Khatanga,71.9667,102.5,-26.27,87,93,3.56,RU,2021-03-08 22:10:06
162,Paranaiba,-19.6772,-51.1908,74.61,82,18,0.72,BR,2021-03-08 22:08:59
163,Dandong,40.1292,124.3947,32.32,89,65,3.85,CN,2021-03-08 22:10:06
164,Qaanaaq,77.484,-69.3632,-8.37,65,63,7.09,GL,2021-03-08 22:10:07
165,Praia Da Vitoria,38.7333,-27.0667,59.0,100,75,0.89,PT,2021-03-08 22:10:07
166,Yanam,16.7333,82.2167,70.48,94,0,0.38,IN,2021-03-08 22:10:07
167,Taltal,-25.4,-70.4833,69.04,68,23,4.56,CL,2021-03-08 22:10:07
168,Katherine,-14.4667,132.2667,77.0,94,75,4.61,AU,2021-03-08 22:10:08
169,Boa Vista,2.8197,-60.6733,91.4,43,40,8.05,BR,2021-03-08 22:10:09
170,Miri,4.4148,114.0089,77.0,100,40,2.3,MY,2021-03-08 22:10:10
171,Santana Do Acarau,-3.4606,-40.2122,76.6,88,100,5.1,BR,2021-03-08 22:10:10
172,Margate,51.3813,1.3862,42.01,72,100,9.8,GB,2021-03-08 22:06:48
173,Wichita Falls,33.9137,-98.4934,71.6,35,1,18.41,US,2021-03-08 22:10:11
174,Ponta Do Sol,32.6667,-17.1,59.0,77,40,6.91,PT,2021-03-08 22:10:11
175,Port Macquarie,-31.4333,152.9167,69.01,100,93,3.76,AU,2021-03-08 22:10:11
176,Port Augusta,-32.5,137.7667,66.2,68,16,12.66,AU,2021-03-08 22:10:11
177,Torres,-29.3353,-49.7269,73.58,81,24,1.34,BR,2021-03-08 22:10:11
178,Guilin,25.2819,110.2864,50.0,93,75,4.47,CN,2021-03-08 22:09:31
179,Houma,29.5958,-90.7195,71.01,43,1,8.05,US,2021-03-08 22:10:12
180,Chiredzi,-21.05,31.6667,70.5,88,0,4.92,ZW,2021-03-08 22:10:13
181,Baruun-Urt,46.6806,113.2792,17.44,88,0,2.01,MN,2021-03-08 22:10:13
182,Zhuanghe,39.7008,122.9911,30.99,84,75,0.96,CN,2021-03-08 22:10:13
183,Thompson,55.7435,-97.8558,33.8,55,20,10.36,CA,2021-03-08 22:10:13
184,Airai,-8.9266,125.4092,59.61,100,99,0.69,TL,2021-03-08 22:10:14
185,Tutoia,-2.7619,-42.2744,80.82,80,100,12.71,BR,2021-03-08 22:10:14
186,Sorong,-0.8833,131.25,78.04,85,99,6.62,ID,2021-03-08 22:08:06
187,Anjozorobe,-18.4,47.8667,66.2,88,75,5.75,MG,2021-03-08 22:10:14
188,Hualmay,-11.0964,-77.6139,76.23,70,75,7.38,PE,2021-03-08 22:10:15
189,Ajdabiya,30.7554,20.2263,77.29,16,79,19.08,LY,2021-03-08 22:09:10
190,Mwanza,-2.5167,32.9,69.8,88,40,12.97,TZ,2021-03-08 22:10:15
191,Da Nang,16.0678,108.2208,75.2,88,20,2.3,VN,2021-03-08 22:10:16
192,Midland,31.9974,-102.0779,73.4,35,1,16.11,US,2021-03-08 22:05:22
193,Longyearbyen,78.2186,15.6401,14.0,79,20,8.05,SJ,2021-03-08 22:10:17
194,Waddan,29.1614,16.139,74.25,20,91,3.85,LY,2021-03-08 22:10:17
195,Vanimo,-2.6741,141.3028,77.32,85,78,5.53,PG,2021-03-08 22:10:17
196,Skjervoy,70.0311,20.9714,23.58,89,0,16.46,NO,2021-03-08 22:10:18
197,Sale,34.0389,-6.8166,59.0,100,75,6.67,MA,2021-03-08 22:10:18
198,Fort Nelson,58.8053,-122.7002,17.6,62,90,10.36,CA,2021-03-08 22:10:19
199,Omsukchan,62.5333,155.8,-22.79,80,0,2.04,RU,2021-03-08 22:10:19
200,Nanyang,32.9947,112.5328,38.86,91,35,2.82,CN,2021-03-08 22:09:13
201,Sao Joao Da Barra,-21.6403,-41.0511,75.2,88,90,13.8,BR,2021-03-08 22:05:32
202,Esso,55.9333,158.7,-6.5,81,61,5.5,RU,2021-03-08 22:10:20
203,Bang Mun Nak,16.0278,100.3792,84.0,60,15,6.55,TH,2021-03-08 22:10:20
204,Tocopilla,-22.092,-70.1979,70.74,66,28,4.25,CL,2021-03-08 22:10:20
205,Touba,8.2833,-7.6833,76.1,75,74,5.17,CI,2021-03-08 22:10:20
206,Morro Bay,35.3658,-120.8499,59.0,69,32,5.01,US,2021-03-08 22:10:21
207,Mananara,-16.1667,49.7667,75.06,89,76,4.61,MG,2021-03-08 22:10:21
208,Shache,38.4167,77.2406,46.15,51,88,1.32,CN,2021-03-08 22:10:21
209,Santa Isabel Do Rio Negro,-0.4139,-65.0192,78.4,95,100,1.74,BR,2021-03-08 22:10:22
210,Arman,59.7,150.1667,-10.93,78,0,3.31,RU,2021-03-08 22:10:22
211,Saint-Joseph,-21.3667,55.6167,77.0,73,0,8.05,RE,2021-03-08 22:10:22
212,Ust-Kan,50.9276,84.761,16.47,91,43,5.57,RU,2021-03-08 22:10:22
213,Portland,45.5234,-122.6762,53.01,46,90,9.22,US,2021-03-08 22:07:29
214,Ucluelet,48.9329,-125.5528,48.99,61,90,9.22,CA,2021-03-08 22:10:23
215,Hilo,19.7297,-155.09,75.2,83,75,12.66,US,2021-03-08 22:10:23
216,Tebingtinggi,3.3285,99.1625,75.2,100,20,3.44,ID,2021-03-08 22:10:24
217,Saint-Philippe,-21.3585,55.7679,77.0,73,0,8.05,RE,2021-03-08 22:10:24
218,Oga,46.4631,10.347,42.01,85,0,1.14,IT,2021-03-08 22:10:24
219,Henties Bay,-22.116,14.2845,65.01,80,0,16.44,NA,2021-03-08 22:10:24
220,Noumea,-22.2763,166.4572,80.01,61,0,2.3,NC,2021-03-08 22:07:33
221,Framlev,56.1566,10.0132,27.0,79,29,5.57,DK,2021-03-08 22:10:25
222,Mersing,2.4312,103.8405,78.8,83,72,11.5,MY,2021-03-08 22:10:25
223,Saskylakh,71.9167,114.0833,-30.1,82,75,3.44,RU,2021-03-08 22:10:26
224,Victoria,22.2855,114.1577,66.0,84,64,13.02,HK,2021-03-08 22:10:26
225,Smolenka,52.1352,113.4974,-2.2,78,6,4.47,RU,2021-03-08 22:10:26
226,Kirakira,-10.4544,161.9205,82.74,73,84,4.54,SB,2021-03-08 22:10:27
227,Labuhan,-6.8844,112.2051,77.7,83,80,8.7,ID,2021-03-08 22:10:28
228,Mahon,39.8885,4.2658,51.8,87,75,16.11,ES,2021-03-08 22:10:28
229,Nanortalik,60.1432,-45.2371,29.68,96,100,13.65,GL,2021-03-08 22:10:28
230,Collie,-33.3667,116.15,63.0,83,0,1.99,AU,2021-03-08 22:10:28
231,Leningradskiy,69.3833,178.4167,-12.87,87,100,2.77,RU,2021-03-08 22:10:28
232,Cockburn Town,21.4612,-71.1419,75.2,60,40,17.27,TC,2021-03-08 22:10:29
233,Auki,-8.7676,160.7034,81.46,75,39,3.11,SB,2021-03-08 22:10:29
234,Zuenoula,7.4292,-6.0431,79.68,72,91,5.64,CI,2021-03-08 22:10:30
235,Aabybro,57.1584,9.7367,26.6,80,24,2.3,DK,2021-03-08 22:10:09
236,Greenville,35.6127,-77.3663,57.0,24,1,3.44,US,2021-03-08 22:05:45
237,Karwar,14.8,74.1333,74.93,84,0,5.41,IN,2021-03-08 22:10:31
238,Orlik,52.5178,99.825,7.72,81,53,2.66,RU,2021-03-08 22:10:31
239,Kahului,20.8947,-156.47,71.6,88,90,17.27,US,2021-03-08 22:10:32
240,San Patricio,28.017,-97.5169,72.0,56,75,19.57,US,2021-03-08 22:10:32
241,Lasa,46.6166,10.7002,41.0,64,0,4.61,IT,2021-03-08 22:10:32
242,Arona,28.0996,-16.681,66.0,82,75,9.22,ES,2021-03-08 22:10:33
243,Katsuura,35.1333,140.3,45.0,81,75,11.5,JP,2021-03-08 22:09:12
244,Puerto Escondido,15.85,-97.0667,84.2,65,75,5.75,MX,2021-03-08 22:10:33
245,Mount Gambier,-37.8333,140.7667,55.4,94,90,6.91,AU,2021-03-08 22:10:33
246,Mayumba,-3.432,10.6554,79.45,88,96,3.69,GA,2021-03-08 22:10:34
247,Narsaq,60.9167,-46.05,28.4,74,90,3.44,GL,2021-03-08 22:10:34
248,Paragominas,-2.9667,-47.4833,75.04,95,100,4.56,BR,2021-03-08 22:10:35
249,Pevek,69.7008,170.3133,-14.91,88,100,12.06,RU,2021-03-08 22:10:35
250,Saint-Pierre,-21.3393,55.4781,77.0,69,0,8.05,RE,2021-03-08 22:10:35
251,Port Elizabeth,-33.918,25.5701,60.8,82,0,6.91,ZA,2021-03-08 22:10:36
252,Mar Del Plata,-38.0023,-57.5575,63.0,59,40,13.8,AR,2021-03-08 22:10:36
253,Hasaki,35.7333,140.8333,41.0,81,75,11.5,JP,2021-03-08 22:10:36
254,Bentiu,9.2333,29.8333,80.62,15,0,2.66,SS,2021-03-08 22:10:37
255,Bereda,43.2686,-7.5406,41.0,96,48,7.0,ES,2021-03-08 22:10:37
256,Obregon,11.9566,-85.9636,93.2,38,20,13.8,NI,2021-03-08 22:10:37
257,Onufriyivka,48.9072,33.4487,28.0,92,35,12.12,UA,2021-03-08 22:10:38
258,Ciudad Del Maiz,22.4,-99.6,68.0,39,70,7.0,MX,2021-03-08 22:07:15
259,Welkom,-27.9864,26.7066,72.19,36,54,8.59,ZA,2021-03-08 22:10:38
260,Iqaluit,63.7506,-68.5145,10.4,79,90,9.22,CA,2021-03-08 22:10:39
261,Beloha,-25.1667,45.05,71.76,79,0,9.91,MG,2021-03-08 22:07:27
262,Krupina,48.3554,19.0647,28.99,72,34,1.99,SK,2021-03-08 22:10:39
263,Tilichiki,60.4667,166.1,-20.29,86,95,2.55,RU,2021-03-08 22:10:40
264,Cao Bang,22.6667,106.25,67.8,87,87,4.74,VN,2021-03-08 22:10:40
265,Cabo San Lucas,22.8909,-109.9124,80.01,41,40,11.5,MX,2021-03-08 22:10:40
266,Coquimbo,-29.9533,-71.3436,68.0,73,0,10.36,CL,2021-03-08 22:07:49
267,Nouadhibou,20.931,-17.0347,63.1,80,0,26.55,MR,2021-03-08 22:10:41
268,Umarkot,25.3616,69.7362,68.11,74,0,10.02,PK,2021-03-08 22:10:41
269,Asau,46.4333,26.4,30.0,58,87,4.43,RO,2021-03-08 22:10:41
270,West Bay,19.3667,-81.4167,79.0,69,75,19.57,KY,2021-03-08 22:10:42
271,Bay Roberts,47.5999,-53.2648,28.99,62,99,1.01,CA,2021-03-08 22:10:42
272,Pouembout,-21.1333,164.9,78.57,70,0,4.27,NC,2021-03-08 22:10:42
273,Mahibadhoo,3.7833,72.9667,82.36,76,23,9.51,MV,2021-03-08 22:10:42
274,Mizusawa,39.1333,141.1333,30.2,90,0,1.66,JP,2021-03-08 22:10:43
275,Mandera,3.9366,41.867,78.42,53,0,15.48,KE,2021-03-08 22:10:43
276,Sisimiut,66.9395,-53.6735,12.83,93,92,7.23,GL,2021-03-08 22:10:43
277,Los Llanos De Aridane,28.6585,-17.9182,64.4,82,75,13.8,ES,2021-03-08 22:10:43
278,Tuy Hoa,13.0833,109.3,72.07,89,41,4.45,VN,2021-03-08 22:10:44
279,Pochutla,15.7432,-96.4661,89.01,45,90,11.5,MX,2021-03-08 22:10:44
280,Santa Cruz,-17.8,-63.1667,91.4,58,20,6.91,BO,2021-03-08 22:06:02
281,Nakhon Phanom,17.3333,104.4167,72.07,78,16,3.09,TH,2021-03-08 22:10:44
282,Kushmurun,52.4503,64.6311,14.32,95,99,18.14,KZ,2021-03-08 22:10:45
283,Rodeo,38.033,-122.2669,59.0,38,40,11.5,US,2021-03-08 22:10:45
284,Nova Venecia,-18.7106,-40.4006,77.79,84,93,6.51,BR,2021-03-08 22:10:45
285,Alamos,27.0167,-108.9333,87.67,13,99,7.02,MX,2021-03-08 22:10:46
286,Puerto Gaitan,4.3133,-72.0816,90.57,43,88,5.95,CO,2021-03-08 22:08:30
287,Acapulco,16.8634,-99.8901,84.2,70,75,12.66,MX,2021-03-08 22:10:46
288,Urubicha,-15.3833,-62.95,85.82,46,53,3.51,BO,2021-03-08 22:10:46
289,Pangnirtung,66.1451,-65.7125,-0.4,78,75,2.44,CA,2021-03-08 22:10:47
290,Kaitong,44.8135,123.15,30.97,92,0,10.22,CN,2021-03-08 22:10:47
291,Hervey Bay,-25.2986,152.8535,82.99,60,1,3.0,AU,2021-03-08 22:10:49
292,Codrington,-38.2667,141.9667,58.41,76,94,11.88,AU,2021-03-08 22:10:49
293,Newport,51.5877,-2.9984,42.01,81,29,7.16,GB,2021-03-08 22:10:50
294,Shinpokh,34.3292,71.1782,62.6,59,40,4.61,PK,2021-03-08 22:10:50
295,Ixtapa,20.7,-105.2,78.8,69,1,12.66,MX,2021-03-08 22:10:50
296,Kavaratti,10.5669,72.642,81.63,74,0,9.31,IN,2021-03-08 22:10:51
297,Kamenka,51.3223,42.7678,21.99,93,81,3.47,RU,2021-03-08 22:10:51
298,Mama,58.3106,112.8986,5.97,88,99,6.11,RU,2021-03-08 22:10:52
299,Cidreira,-30.1811,-50.2056,74.5,81,4,6.44,BR,2021-03-08 22:10:52
300,Trat,12.5,102.5,82.0,99,17,1.63,TH,2021-03-08 22:10:52
301,Yulara,-25.2406,130.9889,69.8,52,0,9.22,AU,2021-03-08 22:10:53
302,Meulaboh,4.1363,96.1285,75.52,86,81,4.34,ID,2021-03-08 22:07:13
303,Seredka,58.1584,28.1858,6.8,92,0,2.24,RU,2021-03-08 22:10:53
304,Kyren,51.6828,102.1408,21.96,83,0,3.87,RU,2021-03-08 22:10:53
305,Sitka,57.0531,-135.33,37.4,75,75,3.44,US,2021-03-08 22:10:13
306,Shamgarh,24.1833,75.6333,70.75,28,0,7.45,IN,2021-03-08 22:10:54
307,Plock,52.5468,19.7064,26.6,86,0,5.75,PL,2021-03-08 22:09:06
308,Lodja,-3.4833,23.4333,66.92,98,91,2.59,CD,2021-03-08 22:10:55
309,Manono,-7.3,27.4167,65.73,96,98,2.55,CD,2021-03-08 22:10:55
310,Huarmey,-10.0681,-78.1522,76.57,71,97,8.99,PE,2021-03-08 22:10:55
311,Jurm,36.8648,70.8342,41.2,59,100,4.83,AF,2021-03-08 22:10:55
312,Biak,-0.9131,122.8766,76.19,79,100,3.36,ID,2021-03-08 22:10:56
313,Meadow Lake,34.8014,-106.5436,70.0,19,20,5.75,US,2021-03-08 22:10:57
314,Balabac,7.9868,117.0645,81.03,77,43,14.29,PH,2021-03-08 22:10:57
315,Camacha,33.0833,-16.3333,59.0,67,40,18.41,PT,2021-03-08 22:10:57
316,Touros,-5.1989,-35.4608,80.6,78,20,6.91,BR,2021-03-08 22:10:58
317,Valdivia,-39.8142,-73.2459,77.0,38,0,3.44,CL,2021-03-08 22:07:45
318,Rawson,-43.3002,-65.1023,66.52,35,75,24.34,AR,2021-03-08 22:10:58
319,Naze,28.3667,129.4833,64.4,100,75,9.22,JP,2021-03-08 22:10:58
320,Luanda,-8.8368,13.2343,82.4,78,75,8.05,AO,2021-03-08 22:10:59
321,Gamboma,-1.8764,15.8644,73.63,82,0,2.57,CG,2021-03-08 22:10:59
322,Dutlwe,-23.9833,23.9,74.64,39,14,7.56,BW,2021-03-08 22:11:00
323,Misratah,32.3754,15.0925,61.23,83,0,10.47,LY,2021-03-08 22:11:00
324,Yeppoon,-23.1333,150.7333,77.0,73,0,2.3,AU,2021-03-08 22:11:00
325,Laurel,39.0993,-76.8483,53.01,22,1,5.75,US,2021-03-08 22:11:01
326,Matveyevka,52.15,56.1833,30.2,93,90,20.13,RU,2021-03-08 22:11:01
327,Vila Franca Do Campo,37.7167,-25.4333,55.4,82,20,6.91,PT,2021-03-08 22:11:02
328,Ahipara,-35.1667,173.1667,64.99,64,86,4.9,NZ,2021-03-08 22:11:02
329,Gbadolite,4.2833,21.0167,69.78,79,18,3.65,CD,2021-03-08 22:11:02
330,Takayama,36.1333,137.25,34.0,93,20,1.14,JP,2021-03-08 22:07:18
331,Ilulissat,69.2167,-51.1,17.6,73,90,4.61,GL,2021-03-08 22:11:03
332,Poso,-1.3959,120.7524,77.18,72,97,3.24,ID,2021-03-08 22:11:03
333,Hobyo,5.3505,48.5268,78.31,83,92,12.66,SO,2021-03-08 22:11:03
334,Sobolevo,54.4299,31.8996,9.18,95,22,7.2,RU,2021-03-08 22:11:04
335,Coolum Beach,-26.5333,153.1,78.01,77,45,3.0,AU,2021-03-08 22:11:04
336,Barra Patuca,15.8,-84.2833,79.02,81,43,10.78,HN,2021-03-08 22:11:04
337,Thaton,16.9206,97.3714,69.69,55,0,4.23,MM,2021-03-08 22:11:05
338,Dingle,10.9995,122.6711,73.85,90,1,7.38,PH,2021-03-08 22:11:05
339,Fukuma,33.7667,130.4667,42.8,81,75,2.3,JP,2021-03-08 22:11:05
340,Pampierstad,-27.7832,24.6877,65.68,38,9,1.99,ZA,2021-03-08 22:11:06
341,Liberty,31.8335,-81.5004,64.4,22,1,4.88,US,2021-03-08 22:11:06
342,Ponta Delgada,37.7333,-25.6667,55.4,82,20,6.91,PT,2021-03-08 22:11:06
343,Manaure,11.7751,-72.4445,85.17,57,100,22.08,CO,2021-03-08 22:11:07
344,Constitucion,-35.3333,-72.4167,68.54,49,0,13.35,CL,2021-03-08 22:09:20
345,Bathsheba,13.2167,-59.5167,80.6,57,20,19.57,BB,2021-03-08 22:11:07
346,Turangi,-39.0,175.9333,60.37,54,34,3.4,NZ,2021-03-08 22:11:07
347,Derzhavinsk,51.1,66.3167,7.12,93,30,17.83,KZ,2021-03-08 22:11:08
348,Khasan,42.4308,130.6434,31.35,97,0,2.51,RU,2021-03-08 22:11:08
349,Carutapera,-1.195,-46.02,76.33,93,100,8.39,BR,2021-03-08 22:11:08
350,Bandarbeyla,9.4942,50.8122,76.64,79,89,11.23,SO,2021-03-08 22:11:09
351,Kalmunai,7.4167,81.8167,78.26,79,38,5.86,LK,2021-03-08 22:11:09
352,Kafanchan,9.5833,8.3,74.48,27,0,2.17,NG,2021-03-08 22:11:09
353,Praia,14.9215,-23.5087,68.0,73,20,23.02,CV,2021-03-08 22:11:10
354,Gospic,44.5461,15.3747,33.8,86,0,2.3,HR,2021-03-08 22:11:10
355,Osmena,10.5208,119.9258,80.92,78,73,19.91,PH,2021-03-08 22:11:10
356,Camana,-16.6228,-72.7111,75.78,74,53,9.4,PE,2021-03-08 22:11:11
357,Maryville,35.7565,-83.9705,64.0,16,75,11.5,US,2021-03-08 22:11:11
358,Saint Anthony,45.0205,-93.218,59.0,23,1,4.0,US,2021-03-08 22:11:12
359,Pundaguitan,6.3711,126.1689,79.25,80,99,8.5,PH,2021-03-08 22:11:12
360,Soanierana Ivongo,-16.9167,49.5833,75.83,87,76,5.79,MG,2021-03-08 22:11:14
361,Machiques,10.0644,-72.545,89.8,46,39,14.63,VE,2021-03-08 22:11:14
362,Yurga,55.7231,84.8861,9.75,95,78,12.5,RU,2021-03-08 22:11:15
363,Carbonia,39.1672,8.5222,57.99,100,40,3.44,IT,2021-03-08 22:11:15
364,Curuguaty,-24.4694,-55.6945,77.09,51,0,3.83,PY,2021-03-08 22:11:15
365,Vikhorevka,56.1201,101.1636,19.4,58,100,8.95,RU,2021-03-08 22:11:16
366,Yandyki,45.7691,47.1258,33.8,91,100,12.21,RU,2021-03-08 22:11:16
367,Broken Hill,-31.95,141.4333,66.2,59,48,11.5,AU,2021-03-08 22:11:16
368,Alice Springs,-23.7,133.8833,71.6,43,39,3.44,AU,2021-03-08 22:11:17
369,Daru,-9.0763,143.2092,81.23,80,77,7.25,PG,2021-03-08 22:11:17
370,Taoudenni,22.6783,-3.9836,72.39,21,0,8.41,ML,2021-03-08 22:11:18
371,Shitanjing,39.2342,106.3439,37.44,64,31,4.81,CN,2021-03-08 22:11:18
372,Padang,-0.9492,100.3543,75.2,94,40,2.3,ID,2021-03-08 22:11:18
373,Flinders,-34.5833,150.8552,73.0,75,7,4.0,AU,2021-03-08 22:11:19
374,Dayong,25.0209,118.2898,60.8,77,75,2.24,CN,2021-03-08 22:11:19
375,Saint-Augustin,51.226,-58.6502,20.48,94,89,6.8,CA,2021-03-08 22:11:19
376,Simpang,-1.2667,104.0833,74.44,95,100,3.74,ID,2021-03-08 22:07:25
377,Kudahuvadhoo,2.6708,72.8944,82.63,76,2,10.04,MV,2021-03-08 22:11:20
378,Tando Muhammad Khan,25.123,68.5358,68.11,78,0,10.87,PK,2021-03-08 22:09:18
379,Dalnerechensk,45.9339,133.7225,24.46,95,53,16.08,RU,2021-03-08 22:11:21
380,Inhambane,-23.865,35.3833,74.59,73,0,9.31,MZ,2021-03-08 22:11:21
381,Mombetsu,44.3525,143.3525,22.17,92,0,7.58,JP,2021-03-08 22:11:21
382,Vila Velha,-20.3297,-40.2925,84.0,94,75,3.44,BR,2021-03-08 22:11:22
383,Atyrau,47.1167,51.8833,30.2,86,40,11.18,KZ,2021-03-08 22:11:22
384,Gimli,50.6336,-96.9907,41.0,75,14,10.36,CA,2021-03-08 22:11:22
385,Kosh-Agach,50.0,88.6667,7.86,85,24,1.59,RU,2021-03-08 22:11:23
386,Kabinda,-6.1333,24.4833,65.3,98,73,3.2,CD,2021-03-08 22:11:23
387,Patti,31.2808,74.8572,64.4,63,0,4.61,IN,2021-03-08 22:11:23
388,Wlodawa,51.55,23.55,25.0,90,74,7.27,PL,2021-03-08 22:11:23
389,Cameron Park,38.6688,-120.9872,54.0,46,29,3.0,US,2021-03-08 22:11:24
390,Tahta,26.7693,31.5021,64.4,25,0,9.22,EG,2021-03-08 22:11:24
391,Raymondville,26.4815,-97.7831,75.2,56,90,16.11,US,2021-03-08 22:11:24
392,Antalaha,-14.9003,50.2788,74.61,93,100,3.33,MG,2021-03-08 22:11:25
393,Posse,-14.0931,-46.3694,72.07,85,80,0.78,BR,2021-03-08 22:11:26
394,Papetoai,-17.4961,-149.8729,87.8,66,75,18.41,PF,2021-03-08 22:11:26
395,Nongan,44.382,125.1685,33.8,60,0,17.9,CN,2021-03-08 22:11:26
396,Ntungamo,-0.8833,29.65,64.8,89,98,1.1,UG,2021-03-08 22:11:27
397,Xining,36.6167,101.7667,32.59,80,57,2.59,CN,2021-03-08 22:10:02
398,Belle Fourche,44.6714,-103.8522,61.0,31,1,4.61,US,2021-03-08 22:11:27
399,Bireun,5.203,96.7009,76.14,82,5,4.29,ID,2021-03-08 22:11:28
400,Mugur-Aksy,50.35,90.5,13.6,81,92,5.84,RU,2021-03-08 22:11:28
401,Sept-Iles,50.2001,-66.3821,27.0,74,65,5.75,CA,2021-03-08 22:11:28
402,Talnakh,69.4865,88.3972,-12.05,89,96,2.33,RU,2021-03-08 22:07:21
403,Northam,51.0333,-4.2167,37.99,80,18,1.01,GB,2021-03-08 22:11:29
404,Athabasca,54.7169,-113.2854,30.2,59,100,5.75,CA,2021-03-08 22:11:29
405,Elmadag,39.9208,33.2308,37.99,80,0,2.3,TR,2021-03-08 22:11:29
406,Sawtell,-30.3833,153.1,73.0,78,90,9.22,AU,2021-03-08 22:11:30
407,Urengoy,65.9667,78.3667,-12.98,89,99,10.92,RU,2021-03-08 22:11:30
408,Mubende,0.5606,31.39,62.49,95,99,2.55,UG,2021-03-08 22:11:30
409,Asbestovskiy,57.7557,61.3967,17.67,93,100,14.34,RU,2021-03-08 22:11:32
410,Samarai,-10.6167,150.6667,82.17,74,41,9.73,PG,2021-03-08 22:11:32
411,Namatanai,-3.6667,152.4333,81.5,75,90,8.08,PG,2021-03-08 22:11:32
412,Alofi,-19.0595,-169.9187,82.4,78,75,11.5,NU,2021-03-08 22:11:32
413,Sumenep,-7.0167,113.8667,77.04,84,86,8.66,ID,2021-03-08 22:07:17
414,Aykhal,66.0,111.5,-8.91,89,36,8.28,RU,2021-03-08 22:11:33
415,Havre-Saint-Pierre,50.2334,-63.5986,24.8,80,1,12.66,CA,2021-03-08 22:11:33
416,Riyadh,24.6877,46.7219,71.6,18,0,3.44,SA,2021-03-08 22:11:34
417,Kiama,-34.6833,150.8667,73.0,74,15,3.0,AU,2021-03-08 22:11:34
418,Terney,45.0503,136.6092,25.25,88,9,4.21,RU,2021-03-08 22:11:34
419,Walvis Bay,-22.9575,14.5053,60.8,82,0,3.44,NA,2021-03-08 22:10:29
420,Viloco,-16.95,-67.55,46.6,88,74,4.32,BO,2021-03-08 22:11:35
421,Isangel,-19.55,169.2667,82.4,78,20,5.75,VU,2021-03-08 22:11:35
422,Raton,36.9034,-104.4391,64.4,20,20,20.71,US,2021-03-08 22:11:36
423,Mullingar,53.5333,-7.35,45.0,90,100,4.0,IE,2021-03-08 22:11:36
424,Seoul,37.5683,126.9778,33.8,86,97,2.3,KR,2021-03-08 22:08:36
425,Hoquiam,46.9809,-123.8893,53.01,58,1,11.5,US,2021-03-08 22:11:36
426,Aracati,-4.5617,-37.7697,80.62,79,88,12.75,BR,2021-03-08 22:11:37
427,Tarko-Sale,64.9225,77.785,-11.06,90,99,12.44,RU,2021-03-08 22:11:37
428,Craig,40.5153,-107.5464,53.6,40,75,19.57,US,2021-03-08 22:11:38
429,Uchkeken,43.9378,42.5117,32.0,74,75,4.47,RU,2021-03-08 22:11:38
430,Neiafu,-18.65,-173.9833,80.6,69,75,18.41,TO,2021-03-08 22:11:39
431,Noyabrsk,63.1994,75.4507,-23.4,87,23,10.13,RU,2021-03-08 22:11:39
432,Manavalakurichi,8.1333,77.3,84.2,84,40,2.3,IN,2021-03-08 22:11:39
433,Atasu,48.6814,71.6433,0.57,93,0,3.33,KZ,2021-03-08 22:11:40
434,Rudnogorsk,57.2639,103.7519,13.37,94,100,7.47,RU,2021-03-08 22:11:40
435,Fairbanks,64.8378,-147.7164,30.0,68,40,8.05,US,2021-03-08 22:10:32
436,Stornoway,58.2093,-6.3865,46.4,93,90,13.8,GB,2021-03-08 22:11:41
437,Calama,-22.4667,-68.9333,71.6,24,0,33.38,CL,2021-03-08 22:11:41
438,Nichinan,31.6,131.3667,46.4,87,75,6.91,JP,2021-03-08 22:11:41
439,Drumheller,51.4617,-112.7101,42.8,61,61,10.36,CA,2021-03-08 22:11:41
440,Fort Wellington,6.4,-57.6,78.39,80,75,13.15,GY,2021-03-08 22:11:42
441,Pringsewu,-5.3582,104.9744,69.93,85,89,0.31,ID,2021-03-08 22:11:42
442,Vad,55.5301,44.2114,5.61,95,41,7.43,RU,2021-03-08 22:11:42
443,Aksarayskiy,46.7924,48.0119,33.8,86,0,8.95,RU,2021-03-08 22:11:42
444,Jardim De Piranhas,-6.3786,-37.3519,83.23,59,85,13.11,BR,2021-03-08 22:11:43
445,Laguna,38.421,-121.4238,60.01,41,75,16.11,US,2021-03-08 22:11:43
446,Belaya Gora,68.5333,146.4167,-14.55,89,100,2.28,RU,2021-03-08 22:11:44
447,Egvekinot,66.3167,-179.1667,-13.2,92,100,4.23,RU,2021-03-08 22:11:44
448,Sibolga,1.7427,98.7792,75.31,78,100,2.98,ID,2021-03-08 22:11:45
449,Kizhinga,51.8462,109.9097,4.98,92,49,2.28,RU,2021-03-08 22:11:45
450,Masvingo,-20.0637,30.8277,64.22,83,0,4.34,ZW,2021-03-08 22:11:45
451,Almeirim,-1.5233,-52.5817,76.35,93,100,4.59,BR,2021-03-08 22:11:45
452,Mutum,-19.8,-41.4383,75.51,87,75,3.06,BR,2021-03-08 22:11:23
453,Maniitsoq,65.4167,-52.9,19.13,96,99,10.04,GL,2021-03-08 22:11:46
454,Stokmarknes,68.5646,14.9108,27.0,74,56,8.01,NO,2021-03-08 22:11:46
455,Pasighat,28.0667,95.3333,66.29,51,44,2.98,IN,2021-03-08 22:11:46
456,Kihei,20.785,-156.4656,71.6,88,90,17.27,US,2021-03-08 22:09:36
457,Valparaiso,-33.0393,-71.6273,62.6,82,20,4.61,CL,2021-03-08 22:08:57
458,Altay,47.8667,88.1167,24.31,93,100,0.63,CN,2021-03-08 22:11:47
459,Flin Flon,54.7682,-101.865,37.4,52,1,16.11,CA,2021-03-08 22:11:47
460,Kiunga,-6.1219,141.2906,72.1,99,100,3.38,PG,2021-03-08 22:11:48
461,San Quintin,30.4833,-115.95,60.01,62,55,16.75,MX,2021-03-08 22:11:48
462,Tual,-5.6667,132.75,82.94,76,93,15.14,ID,2021-03-08 22:11:48
463,Sechura,-5.5569,-80.8222,81.91,56,15,15.35,PE,2021-03-08 22:11:49
464,Ordu,40.9086,37.6845,35.6,100,0,1.14,TR,2021-03-08 22:11:49
465,Beian,63.6559,9.5683,37.4,87,40,18.41,NO,2021-03-08 22:11:50
466,Atar,20.5169,-13.0499,67.57,28,0,9.17,MR,2021-03-08 22:11:50
467,Plumlov,49.4661,17.015,28.99,84,0,3.06,CZ,2021-03-08 22:11:50
468,Mastic Beach,40.7668,-72.8521,39.99,28,1,8.05,US,2021-03-08 22:11:51
469,Poum,-20.2333,164.0167,78.96,75,1,14.34,NC,2021-03-08 22:11:51
470,Waidhofen,48.5833,11.3333,32.0,80,40,2.3,DE,2021-03-08 22:11:51
471,Palmer,42.1584,-72.3287,39.99,20,75,10.36,US,2021-03-08 22:09:23
472,Okha,53.5739,142.9478,7.97,92,60,6.85,RU,2021-03-08 22:11:52
473,Qasigiannguit,68.8193,-51.1922,17.6,73,90,4.61,GL,2021-03-08 22:11:52
474,Ostersund,63.1792,14.6357,28.0,100,90,9.22,SE,2021-03-08 22:11:52
475,Sao Filipe,14.8961,-24.4956,69.53,75,14,12.55,CV,2021-03-08 22:11:52
476,Vostok,46.4856,135.8833,14.59,94,72,6.42,RU,2021-03-08 22:11:53
477,San Rafael,-34.6177,-68.3301,82.67,30,0,12.15,AR,2021-03-08 22:11:53
478,Jalu,29.0331,21.5482,76.14,16,43,18.5,LY,2021-03-08 22:11:53
479,Baykit,61.67,96.37,21.51,95,100,8.5,RU,2021-03-08 22:11:53
480,Shawnee,39.05,-95.7669,70.0,26,1,16.11,US,2021-03-08 22:08:14
481,Balkanabat,39.5108,54.3671,48.47,55,59,6.26,TM,2021-03-08 22:11:54
482,Kismayo,-0.3582,42.5454,78.17,83,99,16.22,SO,2021-03-08 22:11:54
483,La Ferte-Bernard,48.1863,0.6536,37.4,75,0,5.75,FR,2021-03-08 22:11:54
484,Bodden Town,19.2833,-81.25,79.0,69,75,19.57,KY,2021-03-08 22:11:55
485,Moerai,-22.4333,-151.3333,80.6,78,100,11.41,PF,2021-03-08 22:11:55
486,Lompoc,34.6391,-120.4579,59.0,44,1,13.8,US,2021-03-08 22:11:18
487,Veraval,20.9,70.3667,73.85,65,0,13.22,IN,2021-03-08 22:11:56
488,Barstow,34.8986,-117.0228,68.0,22,1,24.16,US,2021-03-08 22:11:56
489,Gobabis,-22.45,18.9667,71.15,41,4,7.0,NA,2021-03-08 22:11:57
490,Nome,64.5011,-165.4064,32.0,100,75,9.22,US,2021-03-08 22:11:57
491,Marawi,7.9986,124.2928,72.0,90,70,8.01,PH,2021-03-08 22:11:58
492,Sangar,63.9242,127.4739,-17.86,88,86,1.77,RU,2021-03-08 22:11:58
493,Panguna,-6.3164,155.4848,75.45,84,78,2.75,PG,2021-03-08 22:11:58
494,Ulaangom,49.9811,92.0667,5.49,89,100,1.16,MN,2021-03-08 22:11:58
495,Geraldton,-28.7667,114.6,78.8,57,80,9.22,AU,2021-03-08 22:11:59
496,Antunez,19.0167,-102.2,80.6,39,40,2.06,MX,2021-03-08 22:11:59
497,Koumac,-20.5667,164.2833,78.87,72,1,3.56,NC,2021-03-08 22:12:00
498,Sibu,2.3,111.8167,73.4,94,40,2.3,MY,2021-03-08 22:12:01
499,Itaituba,-4.2761,-55.9836,86.0,74,40,5.75,BR,2021-03-08 22:12:01
500,Natal,-5.795,-35.2094,82.4,78,20,11.5,BR,2021-03-08 22:09:48
501,Burns Lake,54.2331,-125.7533,39.2,38,11,4.61,CA,2021-03-08 22:12:01
502,Colares,38.7992,-9.4469,55.0,81,49,20.2,PT,2021-03-08 22:12:02
503,Chapleau,47.8405,-83.4034,39.2,75,90,8.05,CA,2021-03-08 22:12:02
504,Tabora,-5.0167,32.8,64.08,94,100,7.45,TZ,2021-03-08 22:12:03
505,Huimanguillo,17.85,-93.3833,82.4,57,75,7.63,MX,2021-03-08 22:12:03
506,Kawhia,-38.0651,174.8183,66.99,74,93,4.0,NZ,2021-03-08 22:12:03
507,Malanje,-9.5402,16.341,62.89,94,3,2.91,AO,2021-03-08 22:12:03
508,Zaozerne,45.1582,33.2787,39.99,60,71,8.95,UA,2021-03-08 22:12:04
509,Mangrol,21.1167,70.1167,72.97,74,0,9.69,IN,2021-03-08 22:12:04
510,Takoradi,4.8845,-1.7554,80.8,84,79,8.9,GH,2021-03-08 22:12:04
511,Road Town,18.4167,-64.6167,80.6,78,40,8.05,VG,2021-03-08 22:12:05
512,Yumen,40.2833,97.2,41.32,55,100,14.85,CN,2021-03-08 22:12:05
513,Amga,60.8953,131.9608,-2.6,91,98,2.98,RU,2021-03-08 22:12:05
514,Mogadishu,2.0371,45.3438,78.28,85,9,22.32,SO,2021-03-08 22:12:06
515,Ginir,7.1333,40.7,59.09,38,0,4.72,ET,2021-03-08 22:12:06
516,Ergani,38.2653,39.7621,33.8,64,0,6.91,TR,2021-03-08 22:12:06
517,Beipiao,41.7919,120.7792,32.68,88,0,2.3,CN,2021-03-08 22:12:06
518,Upata,8.0086,-62.3989,81.0,77,100,3.0,VE,2021-03-08 22:12:07
519,Yamada,39.4667,141.95,35.1,81,5,2.64,JP,2021-03-08 22:12:07
520,Mackay,-21.15,149.2,78.01,94,58,5.75,AU,2021-03-08 22:12:07
521,San Andres Del Rabanedo,42.6117,-5.6167,37.0,69,0,9.22,ES,2021-03-08 22:12:08
522,Otorohanga,-38.1833,175.2,66.99,74,90,4.0,NZ,2021-03-08 22:12:08
523,Shirokiy,49.758,129.523,16.11,97,92,8.41,RU,2021-03-08 22:12:08
524,Guaymas,27.9333,-110.9,84.99,21,40,14.97,MX,2021-03-08 22:12:08
525,Norman Wells,65.282,-126.8329,3.2,51,20,3.44,CA,2021-03-08 22:12:10
526,Naifaru,5.4444,73.3657,82.99,72,1,6.85,MV,2021-03-08 22:12:10
527,Maragogi,-9.0122,-35.2225,78.93,81,10,9.73,BR,2021-03-08 22:12:10
528,Chhatarpur,24.9,79.6,71.67,22,0,4.56,IN,2021-03-08 22:10:04
529,Bhandara,21.1667,79.65,75.2,38,1,2.3,IN,2021-03-08 22:12:11
530,Belmonte,-15.8631,-38.8828,80.6,69,20,12.66,BR,2021-03-08 22:12:11
531,Indiana,40.0003,-86.2503,64.99,29,1,18.41,US,2021-03-08 22:12:11
532,Malartic,48.1335,-78.1328,26.01,58,90,12.66,CA,2021-03-08 22:12:12
533,Dubbo,-32.25,148.6167,68.0,83,7,3.44,AU,2021-03-08 22:12:12
534,Lata,40.1629,-8.3327,55.0,83,0,3.0,PT,2021-03-08 22:12:12
535,Aklavik,68.2191,-135.0107,3.2,60,0,8.05,CA,2021-03-08 22:12:13
536,Aranos,-24.1333,19.1167,73.69,18,0,10.54,NA,2021-03-08 22:12:13
537,Ornskoldsvik,63.2909,18.7153,26.6,100,90,4.61,SE,2021-03-08 22:12:13
538,Half Moon Bay,37.4636,-122.4286,57.99,58,20,13.8,US,2021-03-08 22:12:14
539,Saint-Louis,16.3333,-15.0,82.4,23,0,2.3,SN,2021-03-08 22:12:14
540,Kimbe,-5.5502,150.1429,79.65,79,100,2.06,PG,2021-03-08 22:12:15
541,Nenjiang,49.1833,125.2167,18.99,91,17,14.27,CN,2021-03-08 22:12:15
542,Rapid Valley,44.0625,-103.1463,63.0,29,1,16.11,US,2021-03-08 22:07:16
543,Rio Grande,-32.035,-52.0986,73.99,82,59,8.61,BR,2021-03-08 22:10:01
544,Lukulu,-14.3707,23.242,65.26,94,100,4.07,ZM,2021-03-08 22:12:16
545,Bekhtery,46.251,32.2927,35.62,83,56,7.67,UA,2021-03-08 22:12:16
546,Olinda,-8.0089,-34.8553,80.6,69,40,6.91,BR,2021-03-08 22:12:16
547,Golden,39.7555,-105.2211,66.99,14,75,3.44,US,2021-03-08 22:11:25
548,Eureka,40.8021,-124.1637,52.0,63,82,7.0,US,2021-03-08 22:12:17
549,Tautira,-17.7333,-149.15,87.8,66,75,18.41,PF,2021-03-08 22:12:17
